algorithm,n,t,tau_max,time,memory_mb,skel_time,ori_time,mci_time
PCMCI,20,250,2,0.20539002999998957,1401.58984375,0.11244458800001667,0.0,0.08313849399996798
PCMCI+,20,250,2,0.5485858839999764,1672.234375,0.22725926999999047,0.2063382899999624,0.11361154700000498
