algorithm,n,t,tau_max,time,memory_mb,skel_time,ori_time,mci_time
PCMCI,20,250,2,0.11789268299980904,1401.734375,0.08003156600034345,0.0,0.03403710900010992
PCMCI+,20,250,2,0.22608779499978482,1637.81640625,0.173095683000156,0.0030126640003800276,0.0493280410000807
