algorithm,n,t,tau_max,time,memory_mb
PCMCI,10,250,2,32.69152369400399,2007.80859375
PCMCI+,10,250,2,17.422374057001434,2354.43359375
